产品名称,价格
My Accessories oversized fuzzy fur bucket hat in cream,£18.00
Vero Moda faux fur jacket with toggle fastening in chocolate brown,£75.00
ASOS DESIGN crew neck cardigan in neutral colourblock,£35.00
ASOS DESIGN borg outer aviator jacket in cream,£85.00
ASOS DESIGN straight leg tailored tux trouser in red,£30.00
ASOS DESIGN hood with wool mix in red,£12.00
ASOS DESIGN oversized twill pea coat in red,£70.00
Vila off the shoulder ribbed midi dress in black,£42.00
JDY short padded jacket in black,£38.00
JDY roll neck knitted poncho in dark grey melange,£36.00
Polo Ralph Lauren cabel knit scarf with pony logo in cream,£119.00
Topshop longline ultimate puffer jacket in black,£95.00
ASOS DESIGN crew neck cardigan in cable knit in cream,£30.00
ASOS DESIGN Canberra heeled 90s knee boots in black,£52.00
Brave Soul knitted high neck jumper with stripe detail in cream,£24.00
Brave Soul turtle neck oversized jumper in charcoal grey,£24.00
Mango shearling aviator jacket in black,£90.00
Brave Soul faux shearling long coat in brown,£65.00
Mango double breasted maxi coat in black,£140.00
ASOS DESIGN oversized crew neck jumper in blue,£30.00
ASOS DESIGN high waisted wide leg jeans with cinch and patchwork twisted seam,£38.00
Brave Soul faux shearling long coat in black,£65.00
ASOS DESIGN supersoft long line roll neck in grey marl - NOC,£30.00
Monki brushed fur double breasted coat in brown,£65.00
Threadbare roll neck ribbed jumper dress in grey,£22.00
Hollister knitted cardignan in grey,£35.00
VRG GRL sorrentino oversized cardigan in mole brown,£95.00
Brave Soul turtle neck oversized jumper in khaki,£22.00
ASOS DESIGN satin pull on trouser in snake print,£30.00
My Accessories oversized fuzzy fur bucket hat in black,£18.00
Threadbare high neck ribbed knitted midi dress in black,£24.00
Polo Ralph Lauren reversible scarf with large pony logo in black and grey,£139.00
ASOS DESIGN supersoft tank top in black - BLACK,£18.00
New Look Curve borg jacker in leopard print,£40.00
Mango high neck half zip jumper in navy,£36.00
ASOS DESIGN skinny faux leather trouser in black,£24.00
ONLY faux leather bomber jacket in navy,£48.00
Hollister long sleeve polo jumper in navy,£35.95
Noisy May zip through tiger print fleece in charcoal,£38.00
ASOS DESIGN slouch tote bag with crossover panel detail in khaki,£24.00
ASOS DESIGN faux leather straight leg trouser in taupe,£26.00
Pull&Bear chenille knitted jumper in white and khaki stripe,£32.00
Threadbare off shoulder jumper in brown,£18.00
Vila super soft fluffy maxi jumper dress in brown,£40.00
ASOS DESIGN top collar shearling jacket in hazelnut,£55.00
South Beach borg mini snow boots in mocha,£38.00
ASOS DESIGN funnel neck longline coat in chocolate,£85.00
ASOS DESIGN pull on trouser with contrast panel in sand,£28.00
COLLUSION Unisex maxi puffer jacket with hood in stone,£59.99
Topshop faux fur zip through short coat with funnel neck in tipped white,£85.00
South Beach Faux Fur Lace Up Snow Boots in Cream,£49.00
South Beach Borg Mini Snow boots in Cream,£38.00
COLLUSION beanie in black,£5.99
ASOS DESIGN borg collar oversized flight jacket in black,£75.00
ASOS 4505 Ski seamless thermal base layer 1/4 zip body in black,£28.00
ASOS 4505 Tall Ski water repellent insulated ski jacket in black,£100.00
ASOS DESIGN faux wool pea coat in cosy boucle,£70.00
Threadbare high zip neck mini jumper dress in oatmeal,£22.00
South Beach borg mini snow boots in cream and tan,£38.00
Threadbare roll neck ribbed mini jumper dress in chocolate brown,£22.00
Topshop herringbone longline coat in grey,£159.00
ASOS DESIGN supersoft co-ord wrap top in charcoal marl - CHARCOAL,£26.00
COLLUSION logo fisherman beanie in grey,£4.99
ASOS DESIGN collarless oversized chuck on coat in grey,£85.00
ASOS DESIGN oversized crew neck jumper in red and burgundy,£32.00
ASOS DESIGN oversized crew neck jumper in orange,£32.00
ASOS DESIGN diamante heart bag charm in red,£8.00
Mango half zip knitted jumper in red,£36.00
My Accessories oversized fuzzy fur bucket hat in cream,£18.00
Vero Moda faux fur jacket with toggle fastening in chocolate brown,£75.00
ASOS DESIGN crew neck cardigan in neutral colourblock,£35.00
ASOS DESIGN borg outer aviator jacket in cream,£85.00
ASOS DESIGN straight leg tailored tux trouser in red,£30.00
ASOS DESIGN hood with wool mix in red,£12.00
ASOS DESIGN oversized twill pea coat in red,£70.00
Vila off the shoulder ribbed midi dress in black,£42.00
JDY short padded jacket in black,£38.00
JDY roll neck knitted poncho in dark grey melange,£36.00
Polo Ralph Lauren cabel knit scarf with pony logo in cream,£119.00
ASOS DESIGN crew neck cardigan in cable knit in cream,£30.00
ASOS DESIGN Canberra heeled 90s knee boots in black,£52.00
Brave Soul knitted high neck jumper with stripe detail in cream,£24.00
Brave Soul turtle neck oversized jumper in charcoal grey,£24.00
Mango shearling aviator jacket in black,£90.00
Brave Soul faux shearling long coat in brown,£65.00
Mango double breasted maxi coat in black,£140.00
ASOS DESIGN oversized crew neck jumper in blue,£30.00
ASOS DESIGN high waisted wide leg jeans with cinch and patchwork twisted seam,£38.00
Brave Soul faux shearling long coat in black,£65.00
ASOS DESIGN supersoft long line roll neck in grey marl - NOC,£30.00
Monki brushed fur double breasted coat in brown,£65.00
Threadbare roll neck ribbed jumper dress in grey,£22.00
Hollister knitted cardignan in grey,£35.00
VRG GRL sorrentino oversized cardigan in mole brown,£95.00
Brave Soul turtle neck oversized jumper in khaki,£22.00
ASOS DESIGN satin pull on trouser in snake print,£30.00
My Accessories oversized fuzzy fur bucket hat in black,£18.00
Threadbare high neck ribbed knitted midi dress in black,£24.00
Polo Ralph Lauren reversible scarf with large pony logo in black and grey,£139.00
ASOS DESIGN supersoft tank top in black - BLACK,£18.00
New Look Curve borg jacker in leopard print,£40.00
Mango high neck half zip jumper in navy,£36.00
ASOS DESIGN skinny faux leather trouser in black,£24.00
ONLY faux leather bomber jacket in navy,£48.00
Hollister long sleeve polo jumper in navy,£35.95
Noisy May zip through tiger print fleece in charcoal,£38.00
ASOS DESIGN slouch tote bag with crossover panel detail in khaki,£24.00
ASOS DESIGN faux leather straight leg trouser in taupe,£26.00
Pull&Bear chenille knitted jumper in white and khaki stripe,£32.00
Threadbare off shoulder jumper in brown,£18.00
Vila super soft fluffy maxi jumper dress in brown,£40.00
ASOS DESIGN top collar shearling jacket in hazelnut,£55.00
South Beach borg mini snow boots in mocha,£38.00
ASOS DESIGN funnel neck longline coat in chocolate,£85.00
ASOS DESIGN pull on trouser with contrast panel in sand,£28.00
COLLUSION Unisex maxi puffer jacket with hood in stone,£59.99
Topshop faux fur zip through short coat with funnel neck in tipped white,£85.00
South Beach Faux Fur Lace Up Snow Boots in Cream,£49.00
South Beach Borg Mini Snow boots in Cream,£38.00
COLLUSION beanie in black,£5.99
ASOS DESIGN borg collar oversized flight jacket in black,£75.00
ASOS 4505 Ski seamless thermal base layer 1/4 zip body in black,£28.00
ASOS 4505 Tall Ski water repellent insulated ski jacket in black,£100.00
ASOS DESIGN faux wool pea coat in cosy boucle,£70.00
Threadbare high zip neck mini jumper dress in oatmeal,£22.00
South Beach borg mini snow boots in cream and tan,£38.00
Threadbare roll neck ribbed mini jumper dress in chocolate brown,£22.00
Topshop herringbone longline coat in grey,£159.00
ASOS DESIGN supersoft co-ord wrap top in charcoal marl - CHARCOAL,£26.00
COLLUSION logo fisherman beanie in grey,£4.99
ASOS DESIGN collarless oversized chuck on coat in grey,£85.00
ASOS DESIGN oversized crew neck jumper in red and burgundy,£32.00
ASOS DESIGN oversized crew neck jumper in orange,£32.00
ASOS DESIGN diamante heart bag charm in red,£8.00
Mango half zip knitted jumper in red,£36.00
ASOS DESIGN Celia leather western pull on boots in taupe suede,£95.00
South Beach Faux Fur Lace Up Snow Boots in black,£49.00
Topshop hooded mid puffer jacket in bright green,£75.00
ASOS 4505 Tall Ski soft shell water repellent kick flare ski trousers in black,£75.00
COLLUSION Unisex maxi puffer jacket with hood in black,£59.99
ASOS DESIGN knitted hood in khaki with zip detail,£14.00
Topshop faux fur midi coat in multi,£95.00
Carhartt WIP OG active hooded zip up jacket in purple,£210.00
ASOS 4505 Tall Ski soft shell water repellent skinny ski pants in black,£70.00
ASOS DESIGN borg zip through fleece in sage green,£42.00
Topshop oversized aviator borg coat in black,£110.00
COLLUSION Unisex hooded puffer coat in black,£45.99
Weekday Funda wool blend knitted midaxi dress with side split in mole melange exclusive to ASOS,£59.00
ASOS 4505 Ski water repellent insulated ski jacket in black,£100.00
Topshop borg leopard funnel neck zip thru fleece in brown,£50.00
ASOS 4505 Ski soft shell water repellent skinny ski pants in black,£70.00
ASOS 4505 Petite Ski soft shell water repellent kick flare ski trousers in black,£75.00
ASOS 4505 Ski soft shell water repellent kick flare ski trousers in black,£75.00
Vila roll neck knitted maxi dress with tie waist in neutral,£45.00
Topshop faux fur funnel midi coat in navy,£95.00
ASOS 4505 Ski soft shell water repellent kick flare ski trousers in white,£75.00
ASOS 4505 Ski faux fur headband in white,£15.00
Columbia Boundless Discovery II sherpa full zip fleece in black,£100.00
Glamorous borg turnup beanie in cream,£12.00
Columbia Helvetia II cropped half snap fleece in chalk white,£65.00
Topshop faux fur long coat in tipped white,£110.00
ASOS 4505 Ski water repellent insulated ski jacket in white,£100.00
Reclaimed Vintage ruched puffer in grey,£49.99
ASOS DESIGN faux leather wide leg pull on trousers in stone,£30.00
ASOS DESIGN funnel neck jumper with structured sleeve detail in camel,£45.00
Topshop borg zip through cropped fleece hoodie in black,£40.00
Columbia Benton Springs II half snap pull over fleece in dark stone and pink agave,£40.00
Mango half zip tipped jumper in white,£36.00
Polo Ralph Lauren reversible scarf with large pony logo in grey and cream,£139.00
Monki faux fur nylon short hat in black leopard print,£20.00
ASOS 4505 Ski soft shell water repellent skinny ski pants in white,£70.00
ASOS DESIGN supersoft oversized jumper with pocket detail in warm cream - CREAM,£26.00
ASOS 4505 Petite Ski water repellent insulated ski jacket in black,£100.00
YAS high neck knitted jumper midi dress in black with contrast stitch,£60.00
Stradivarius STR longline borg jacket in ecru,£89.99
ASOS DESIGN borg fleece zip through with nylon pockets in cream and navy,£42.00
New Look faux fur aviator jacket in black,£74.99
Noisy May bomber jacket in beige melange,£60.00
The North Face Seven Summits Fleeski heavyweight 1/4 zip fleece in off white,£90.00
Glamorous knitted skinny scarf in black and white stripe,£12.00
ASOS 4505 Petite Ski soft shell water repellent kick flare ski trousers in white,£75.00
Hunter Intrepid short buckle snow boots in black,£160.00
Topshop borg funnel neck zip thru fleece in camel,£45.00
Topshop faux fur funnel midi coat in honey,£95.00
The North Face Extreme borg quarter zip logo pocket fleece in off white,£135.00
ASOS DESIGN knitted cable tank in textured yarn in stone,£34.00
New Look open collar bonded jacket in washed brown,£64.99
My Accessories plain knit touch screen gloves in black,£9.00
ASOS 4505 Curve Ski water repellent insulated ski jacket in black,£100.00
ASOS 4505 Ski seamless thermal base layer all in one in black,£38.00
ASOS 4505 Hourglass Ski soft shell water repellent kick flare ski trousers in black gloss,£75.00
ASOS DESIGN borg funnel neck jacket in oatmeal,£80.00
ASOS 4505 Hourglass Ski soft shell water repellent skinny ski pants in black,£70.00
ASOS 4505 Ski water repellent ski pants with straight leg in black,£85.00
ASOS 4505 Curve Ski soft shell water repellent skinny ski pants in black,£70.00
& Other Stories knitted mini dress with belt in mole melange,£57.00
Vila roll neck oversized jumper with turn up cuff in natural melange,£34.00
The North Face Ski Sally insulated trousers in black,£135.00
ASOS DESIGN borg funnel neck jacket in black,£80.00
& Other Stories wool two tone scarf in blue,£77.00
ASOS 4505 Plus Ski soft shell water repellent kick flare ski trousers in pink,£75.00
Polo Ralph Lauren cabel knit scarf with pony logo in navy,£119.00
ASOS DESIGN cord wide leg pull on trouser in blue,£30.00
ASOS 4505 Plus Ski water repellent insulated ski jacket in pink,£100.00
ASOS DESIGN supersoft co-ord long line roll neck in winter white - WHITE,£30.00
Stradivarius STR aviator jacket with contrast faux fur in black,£55.99
VRG GRL cara knitted maxi skirt in soft grey marl,£98.00
ASOS DESIGN cropped faux fur jacket in burgundy,£55.00
ASOS 4505 Ski faux fur ear muffs in white,£15.00
ASOS DESIGN faux leather straight leg trousers in green,£26.00
New Look faux fur coat in cream,£69.99
ASOS 4505 Curve Ski soft shell water repellent kick flare ski trousers in black,£75.00
ASOS 4505 Ski water repellent insulated ski jacket in pink,£100.00
ASOS DESIGN supersoft half zip sleeveless tank top co-ord in stripe,£24.00
ASOS DESIGN pull on trouser with contrast panel in black,£28.00
Pull&Bear knitted jumper mini dress in light grey,£29.99
The North Face Glacier full zip logo fleece in brown,£75.00
Stradivarius borg lined biker jacket in beige,£65.99
Glamorous oversized tailored coat in black herringbone,£95.00
Pull&Bear knitted jumper mini dress in black,£29.99
My Accessories super soft oversized blanket scarf in blue,£20.00
ASOS DESIGN maxi cardigan in stone,£36.00
My Accessories super soft oversized blanket scarf in pink,£20.00
ASOS DESIGN supersoft oversized polo in winter white,£30.00
My Accessories super soft oversized blanket scarf in red,£22.00
ASOS DESIGN high neck funnel half zip jumper with volume sleeve in cream,£35.00
VRG GRL alia roll neck knit jumper in soft grey marl,£100.00
ASOS DESIGN supersoft half zip sleeveless tank top in warm cream,£24.00
ASOS DESIGN supersoft boxy roll neck in navy and cream stripe - MULTI,£28.00
ASOS DESIGN borg fleece bomber sweatshirt in grey,£40.00
Polo Ralph Lauren borg zip jacket with pockets in cream and navy,£295.00
ASOS DESIGN Memoir smart loafer in black,£28.00
VRG GRL elsie fluffy ribbed knitted cardigan in cream,£90.00
ASOS DESIGN Masterpiece chunky loafer in black,£28.00
Threadbare maxi belted puffer coat in brown,£44.00
Monki soft chunky scarf in burgundy and pink check,£23.00
Columbia Benton Springs II half snap pull over fleece in black,£40.00
ASOS DESIGN satin pull on trouser in plum,£28.00
Stradivarius STR mid length faux fur jacket in brown,£89.99
Columbia Brushy Bay half zip fleece in hot pink,£50.00
Threadbare maxi puffer coat with hood in charcoal grey,£42.00
The North Face Seven Summits Fleeski heavyweight 1/4 zip fleece in black,£90.00
My Accessories plain knit touch screen gloves in grey,£9.00
Topshop faux mongolian fur bomber jacket in light brown,£95.00
Stradivarius STR faux leather puffer jacket in black,£55.99
ASOS DESIGN faux leather cropped trousers in stone,£28.00
The North Face Reign On waterproof jacket in grey leopard print exlcusive to ASOS,£180.00
Columbia Boundless Discovery II sherpa full zip fleece in chalk and camel brown,£100.00
Abercrombie & Fitch high neck jumper in light grey,£52.00
Threadbare longline aviator coat with borg trims in black,£65.00
Columbia Helvetia II cropped half snap fleece in pink agave red,£65.00
Topshop faux fur long coat in multi,£110.00
ASOS DESIGN Celeste flat western knee boots in snake,£50.00
COLLUSION logo fisherman beanie in mushroom,£4.99
ASOS DESIGN Celeste flat western knee boots in black,£50.00
Columbia Glacial IV 1.2 zip fleece in black,£30.00
New Look Copenhagen slogan jumper in navy,£34.00
ASOS DESIGN Curve cord wide leg pull on trouser in blue,£30.00
Mango contrast neck jumper in white and black,£46.00
Glamorous buckle collar detail cream brown aviator coat,£96.00
Glamorous knitted skinny scarf in cream,£12.00
Pieces oversized balaclava snood in cream melange,£20.00
Object borg teddy aviator jacket with contrast stitch in black,£95.00
The North Face Seven Summits Fleeski heavyweight full zip fleece in black,£100.00
Columbia Benton Springs II half snap pull over fleece in chalk and camel brown,£40.00
ASOS DESIGN asymmetric shoulder bag with buckle and removable ball charm in burgundy,£22.00
Columbia Helvetia II cropped half snap fleece in safari green,£65.00
ASOS DESIGN Curve pull on trouser with contrast panel in burgundy,£30.00
ASOS DESIGN Wide Fit Celeste flat western knee boots in black,£50.00
My Accessories super soft oversized blanket scarf in matcha green,£20.00
My Accessories super soft colour block blanket scarf in mint ombre,£20.00
Stradivarius STR faux fur jacket in beige,£79.99
ASOS DESIGN supersoft co-ord long line cardigan in taupe marl - BROWN,£30.00
Object teddy fleece contrast trim jacket in cream,£95.00
Columbia Cloud Point hooded fleece in dark stone and stone green,£90.00
Mango half zip stripe jumper in white,£36.00
Stradivarius STR cropped faux leather puffer jacket in chocolate,£55.99
ASOS DESIGN crew neck jumper in wide rib in cream,£30.00
Glamorous long scarf in pale yellow,£14.00
Columbia Helvetia II cropped half snap fleece in black,£65.00
Stradivarius STR vintage inspired faux fur coat in brown,£89.99
Threadbare collared v neck oversized jumper in stripe,£18.00
ASOS DESIGN Canberra heeled 90s knee boots in brown snake,£48.00
Columbia Brushy Bay half zip fleece in snowdrift,£50.00
Stradivarius borg lined biker jacket in camel,£55.99
ASOS DESIGN Cassie premium leather western knee boots with stud detail in black,£145.00
ASOS 4505 Ski soft shell water repellent kick flare ski trousers in pink,£75.00
Pull&Bear knitted jumper mini dress in ecru,£29.99
Noisy May Curve zip through fleece in blue check,£42.00
ASOS 4505 Ski socks with anti bacterial finish in pink,£10.00
New Look borg jacket in animal print,£42.99
ASOS DESIGN spliced borg formal jacket in black,£65.00
ASOS DESIGN suede tote bag with buckle in khaki green,£54.00
ASOS DESIGN supersoft roll neck jumper with cuff detail in black - BLACK,£26.00
ASOS DESIGN Cassie premium suede western knee boots with stud detail in chocolate brown,£145.00
Free People winnie padded oversized print pocket jacket in blue multi,£228.00
Free People high neck oversized soft jumper in antler brown,£158.00
Free People high neck oversized soft jumper in coconut milk,£158.00
Stradivarius STR distressed aviator jacket with leopard print detail in black,£98.00
Vila contrast stich short teddy jacket in cream,£60.00
Stradivarius borg lined cropped aviator in ecru,£65.99
Threadbare Petite mid length puffer jacket in black,£40.00
ONLY faux fur duffle coat in cream,£65.00
JDY high neck cable knit jumper in cream,£34.00
ASOS DESIGN v neck cardigan in lambswool blend in grey,£65.00
Threadbare maxi puffer coat with hood in black,£42.00
Moon Boot mid ankle snow boots in khaki,£150.00
Moon Boot high ankle snow boots in brown faux fur,£245.00
Carhartt WIP OG michigan button up jacket in black and beige,£190.00
Abercrombie & Fitch fluffy jumper in green,£50.00
Moon Boot mid ankle snow boots in black and white,£150.00
Moon Boot Icon waterproof nylon knee boot in white,£170.00
adidas Originals Firebird loose track pants in green,£60.00
ASOS DESIGN Curve soft wide leg jean in grey,£38.00
Moon Boot mid ankle snow boots in orange,£150.00
Moon Boot high ankle snow boots in gold,£255.00
Moon Boot high ankle snow boots in silver,£255.00
Weekday Bea wool blend zip through cardigan with oversized collar in dark brown melange,£59.00
ASOS DESIGN satin wide leg trouser in chocolate,£28.00
Columbia Bugaboo ski trousers in white,£115.00
Threadbare maxi belted puffer coat in black,£44.00
Weekday wax coated barn jacket in dark brown with contrast cord collar,£119.00
Mango double breasted longline wool coat in brown,£140.00
ASOS DESIGN real suede oversized bomber in tan,£170.00
Moon Boot Icon waterproof nylon low boot in pink,£150.00
Moon Boot mid ankle snow boots in lilac,£150.00
